{
  "train_counts": {
    "none": 7134,
    "crackles": 4348,
    "wheezes": 5445,
    "both": 4536
  },
  "test_counts": {
    "none": 595,
    "crackles": 273,
    "wheezes": 137,
    "both": 70
  },
  "class_weights": {
    "0": 0.7521376506868517,
    "1": 1.234073137074517,
    "2": 0.98544536271809,
    "3": 1.1829254850088184
  }
}