{
    "overall_accuracy": 0.7372466806429071,
    "class_names": [
        "none",
        "crackles",
        "wheezes",
        "both"
    ],
    "precision": [
        0.8330995792426368,
        0.6574074074074074,
        0.644808743169399,
        0.5728155339805825
    ],
    "recall": [
        0.7795275590551181,
        0.753315649867374,
        0.6483516483516484,
        0.5363636363636364
    ],
    "f1_score": [
        0.8054237288135593,
        0.7021013597033374,
        0.6465753424657534,
        0.5539906103286385
    ],
    "support": [
        762,
        377,
        182,
        110
    ],
    "confusion_matrix": [
        [
            594,
            121,
            37,
            10
        ],
        [
            70,
            284,
            10,
            13
        ],
        [
            37,
            6,
            118,
            21
        ],
        [
            12,
            21,
            18,
            59
        ]
    ]
}