{
    "overall_accuracy": 0.7287308228730823,
    "class_names": [
        "none",
        "crackles",
        "wheezes",
        "both"
    ],
    "precision": [
        0.7979539641943734,
        0.7067448680351907,
        0.6137566137566137,
        0.5245901639344263
    ],
    "recall": [
        0.817824377457405,
        0.6342105263157894,
        0.6338797814207651,
        0.5925925925925926
    ],
    "f1_score": [
        0.8077669902912621,
        0.6685159500693482,
        0.6236559139784946,
        0.5565217391304348
    ],
    "support": [
        763,
        380,
        183,
        108
    ],
    "confusion_matrix": [
        [
            624,
            71,
            50,
            18
        ],
        [
            109,
            241,
            8,
            22
        ],
        [
            38,
            11,
            116,
            18
        ],
        [
            11,
            18,
            15,
            64
        ]
    ]
}