{
    "overall_accuracy": 0.6416015625,
    "class_names": [
        "none",
        "crackles",
        "wheezes",
        "both"
    ],
    "precision": [
        0.8513853904282116,
        0.5282555282555282,
        0.5689655172413793,
        0.36538461538461536
    ],
    "recall": [
        0.5982300884955752,
        0.8113207547169812,
        0.515625,
        0.5757575757575758
    ],
    "f1_score": [
        0.7027027027027027,
        0.6398809523809523,
        0.5409836065573771,
        0.4470588235294118
    ],
    "support": [
        565,
        265,
        128,
        66
    ],
    "confusion_matrix": [
        [
            338,
            167,
            40,
            20
        ],
        [
            25,
            215,
            5,
            20
        ],
        [
            30,
            6,
            66,
            26
        ],
        [
            4,
            19,
            5,
            38
        ]
    ]
}